id,location_name
1,Bangalore
2,Nashik
3,Bangalore
4,Hyderabad
5,Thiruvananthapuram
6,Chandigarh
7,Udaipur
8,Dhanbad
9,Varanasi
10,Raipur
11,Agra
12,Surat
13,Chandigarh
14,Ajmer
15,Ajmer
16,Mysore
17,Aurangabad
18,Hyderabad
19,New Delhi
20,Aurangabad
21,Amritsar
22,Visakhapatnam
23,Nashik
24,Varanasi
25,Bhubaneswar
26,Ajmer
27,Dhanbad
28,Guwahati
29,Hyderabad
30,Ajmer
31,Dhanbad
32,Amritsar
33,Aurangabad
34,Indore
35,Tirupati
36,Surat
37,Vijayawada
38,Varanasi
39,Patna
40,Raipur
41,Raipur
42,Aurangabad
43,Hyderabad
44,Tirupati
45,Chennai
46,Dhanbad
47,Vadodara
48,Bhubaneswar
49,Bhubaneswar
50,Mangalore
51,Dehradun
52,Mumbai
53,Tirupati
54,Bangalore
55,Jaipur
56,Kochi
57,Kolkata
58,Ahmedabad
59,Raipur
60,Patna
61,Dhanbad
62,Dehradun
63,Varanasi
64,Nashik
65,Lucknow
66,Coimbatore
67,Bareilly
68,Bhubaneswar
69,Ranchi
70,Ajmer
71,Bangalore
72,Mysore
73,Raipur
74,Dhanbad
75,Kanpur
76,Kanpur
77,Nashik
78,Vijayawada
79,Agra
80,Kolkata
81,Bareilly
82,Aurangabad
83,Rajkot
84,Tirupati
85,Tirupati
86,Kottayam
87,New Delhi
88,Patna
89,Vijayawada
90,Jodhpur
91,Kochi
92,Chennai
93,Bangalore
94,Hubli
95,Ranchi
96,Jaipur
97,Bareilly
98,Thiruvananthapuram
99,Kollam
100,New Delhi
101,Udaipur
102,Puducherry
103,Bareilly
104,Tirupati
105,Dhanbad
106,Hubli
107,Aurangabad
108,Bhubaneswar
109,Kottayam
110,Nagpur
111,Kolkata
112,Mysore
113,Kollam
114,Dehradun
115,Ajmer
116,Nagpur
117,Thiruvananthapuram
118,Jaipur
119,Asansol
120,Jaipur
121,Kochi
122,Nashik
123,Pune
124,Kanpur
125,Visakhapatnam
126,Agra
127,Jaipur
128,Jaipur
129,Nashik
130,Surat
131,Jaipur
132,Bhubaneswar
133,Chennai
134,Bhopal
135,Patna
136,Kottayam
137,Rajkot
138,Amritsar
139,Kolkata
140,Lucknow
141,Bhubaneswar
142,Kochi
143,Bangalore
144,Ajmer
145,Mangalore
146,Nashik
147,Indore
148,Hyderabad
149,Jaipur
150,Chennai
151,Visakhapatnam
152,Ludhiana
153,Ahmedabad
154,Amritsar
155,Rajkot
156,Udaipur
157,Pune
158,Coimbatore
159,Mangalore
160,Ahmedabad
161,Durgapur
162,Guwahati
163,Raipur
164,Rajkot
165,Amritsar
166,Agra
167,Vijayawada
168,Lucknow
169,Dhanbad
170,Lucknow
171,Ahmedabad
172,Jaipur
173,Bangalore
174,Amritsar
175,Asansol
176,Patna
177,Bhubaneswar
178,Chandigarh
179,Agra
180,Udaipur
181,Hubli
182,Jamshedpur
183,Hyderabad
184,Bareilly
185,Vadodara
186,Kolkata
187,Puducherry
188,Bhopal
189,Dehradun
190,Kochi
191,Bhopal
192,Visakhapatnam
193,Agra
194,Puducherry
195,Puducherry
196,Mysore
197,Bareilly
198,Hubli
199,Nagpur
200,Guwahati
201,Amritsar
202,New Delhi
203,Chennai
204,Chennai
205,Asansol
206,Amritsar
207,Kanpur
208,Mysore
209,Tirupati
210,Bangalore
211,Rajkot
212,Bangalore
213,Jamshedpur
214,Bhubaneswar
215,Jaipur
216,Rajkot
217,Visakhapatnam
218,Jodhpur
219,Kollam
220,Jamshedpur
221,Raipur
222,Mangalore
223,Mangalore
224,Bareilly
225,Thiruvananthapuram
226,Kottayam
227,Kolkata
228,Patna
229,Tirupati
230,Bhopal
231,Bhopal
232,Mysore
233,Nashik
234,Vijayawada
235,Aurangabad
236,Bhubaneswar
237,Pune
238,Mumbai
239,Ludhiana
240,Durgapur
241,Thiruvananthapuram
242,Nashik
243,Kolkata
244,Amritsar
245,Tirupati
246,Amritsar
247,Ludhiana
248,Mumbai
249,Guwahati
250,Ahmedabad
251,Jamshedpur
252,Ludhiana
253,Bhubaneswar
254,Varanasi
255,Rajkot
256,Vijayawada
257,Pune
258,Rajkot
259,Ahmedabad
260,Aurangabad
261,Nagpur
262,Asansol
263,Patna
264,Puducherry
265,Guwahati
266,Ludhiana
267,Mangalore
268,Jodhpur
269,Nashik
270,Surat
271,Lucknow
272,Hyderabad
273,Tirupati
274,Surat
275,Bhubaneswar
276,Udaipur
277,Visakhapatnam
278,Chandigarh
279,Coimbatore
280,Patna
281,Mangalore
282,Jaipur
283,Jamshedpur
284,Chandigarh
285,Aurangabad
286,Chandigarh
287,Bhubaneswar
288,Surat
289,Tirupati
290,Mumbai
291,Agra
292,Dhanbad
293,Kochi
294,Puducherry
295,Lucknow
296,Patna
297,Mysore
298,Mangalore
299,Hyderabad
300,Udaipur
301,Kottayam
302,Hubli
303,Coimbatore
304,New Delhi
305,Kochi
306,Hubli
307,Bhubaneswar
308,Udaipur
309,Surat
310,Patna
311,Nagpur
312,Agra
313,Mumbai
314,Kottayam
315,Asansol
316,Dhanbad
317,Durgapur
318,Dehradun
319,Chennai
320,Kanpur
321,Hubli
322,Surat
323,Visakhapatnam
324,Kolkata
325,Lucknow
326,Varanasi
327,Nashik
328,Vadodara
329,Asansol
330,Ahmedabad
331,Hubli
332,Coimbatore
333,Amritsar
334,Tirupati
335,Puducherry
336,New Delhi
337,Chandigarh
338,Puducherry
339,Kollam
340,Nagpur
341,Mangalore
342,Surat
343,Hyderabad
344,Pune
345,Asansol
346,Ajmer
347,Visakhapatnam
348,Lucknow
349,Puducherry
350,Nashik
351,Guwahati
352,Rajkot
353,Asansol
354,Patna
355,Lucknow
356,Kochi
357,Aurangabad
358,Mysore
359,Kolkata
360,Jamshedpur
361,Hyderabad
362,Tirupati
363,Kochi
364,Mysore
365,Puducherry
366,Coimbatore
367,Pune
368,Visakhapatnam
369,Visakhapatnam
370,Chennai
371,Guwahati
372,Bhubaneswar
373,Nagpur
374,Chennai
375,Ajmer
376,Agra
377,New Delhi
378,Puducherry
379,Bhubaneswar
380,Rajkot
381,New Delhi
382,Vijayawada
383,Kochi
384,Thiruvananthapuram
385,Hyderabad
386,Jamshedpur
387,Nashik
388,Amritsar
389,Hyderabad
390,Lucknow
391,Visakhapatnam
392,Dhanbad
393,Guwahati
394,Durgapur
395,Rajkot
396,Chandigarh
397,Chandigarh
398,Aurangabad
399,Jamshedpur
400,Bareilly
401,Asansol
402,Kollam
403,Coimbatore
404,Amritsar
405,Agra
406,Raipur
407,Amritsar
408,Puducherry
409,Asansol
410,Ahmedabad
411,Surat
412,Patna
413,Indore
414,Lucknow
415,Kochi
416,Jamshedpur
417,Ajmer
418,Mumbai
419,Surat
420,Visakhapatnam
421,Mysore
422,Ludhiana
423,Agra
424,Varanasi
425,Aurangabad
426,Chandigarh
427,Kottayam
428,Hubli
429,Jodhpur
430,Nagpur
431,Kochi
432,Dehradun
433,Varanasi
434,Udaipur
435,Kanpur
436,Chandigarh
437,Vijayawada
438,Kanpur
439,Vadodara
440,Puducherry
441,Udaipur
442,Jodhpur
443,Ranchi
444,Udaipur
445,Mumbai
446,Asansol
447,Bhopal
448,Bhubaneswar
449,Nashik
450,Patna
451,Lucknow
452,Bareilly
453,Aurangabad
454,Lucknow
455,Asansol
456,Mysore
457,Dhanbad
458,Kanpur
459,Vadodara
460,Dhanbad
461,Dhanbad
462,Nashik
463,Kottayam
464,Agra
465,Bhopal
466,Dhanbad
467,Nagpur
468,Raipur
469,Rajkot
470,Nashik
471,Kolkata
472,Ahmedabad
473,Dehradun
474,Bhubaneswar
475,Patna
476,Bhubaneswar
477,Aurangabad
478,Kolkata
479,Bhopal
480,Agra
481,Bangalore
482,Kochi
483,Ahmedabad
484,Varanasi
485,Mangalore
486,Dehradun
487,Kolkata
488,Durgapur
489,Vadodara
490,Mangalore
491,Puducherry
492,Kanpur
493,Vadodara
494,Mumbai
495,Pune
496,Bareilly
497,Kochi
498,Puducherry
499,Dhanbad
500,Coimbatore
501,Varanasi
502,Nashik
503,Jaipur
504,Amritsar
505,Ranchi
506,Kolkata
507,Vijayawada
508,Nashik
509,Ludhiana
510,Mangalore
511,Ranchi
512,Amritsar
513,Dhanbad
514,Agra
515,Thiruvananthapuram
516,Mysore
517,Coimbatore
518,Thiruvananthapuram
519,Aurangabad
520,Visakhapatnam
521,Ahmedabad
522,Kottayam
523,Jamshedpur
524,Patna
525,Pune
526,Durgapur
527,Dehradun
528,Pune
529,Rajkot
530,Varanasi
531,Nashik
532,Ranchi
533,Raipur
534,Chennai
535,Puducherry
536,Coimbatore
537,Kochi
538,Ludhiana
539,Ranchi
540,Varanasi
541,Chandigarh
542,Kolkata
543,Dehradun
544,Coimbatore
545,Mangalore
546,Raipur
547,Ranchi
548,Coimbatore
549,Aurangabad
550,Jodhpur
551,Dhanbad
552,Nagpur
553,Dhanbad
554,Jaipur
555,Nagpur
556,Indore
557,Coimbatore
558,Bhubaneswar
559,Amritsar
560,Visakhapatnam
561,Pune
562,Raipur
563,Ranchi
564,Pune
565,Varanasi
566,Varanasi
567,Ranchi
568,Bhubaneswar
569,Dehradun
570,Ranchi
571,Kochi
572,Chandigarh
573,Vadodara
574,Patna
575,Ranchi
576,Mumbai
577,Hyderabad
578,Dehradun
579,Visakhapatnam
580,Thiruvananthapuram
581,Nashik
582,Kanpur
583,Ludhiana
584,Visakhapatnam
585,Bangalore
586,Agra
587,Durgapur
588,Asansol
589,New Delhi
590,Kottayam
591,Bangalore
592,Chandigarh
593,Bareilly
594,Vijayawada
595,Nagpur
596,Kochi
597,Jodhpur
598,Surat
599,Guwahati
600,Bangalore
601,Kanpur
602,Aurangabad
603,Bhopal
604,Ajmer
605,Indore
606,Mysore
607,Kochi
608,Mysore
609,Mumbai
610,Kollam
611,Dhanbad
612,Dehradun
613,Jamshedpur
614,Coimbatore
615,Kottayam
616,Udaipur
617,Hubli
618,Indore
619,Nagpur
620,Hubli
621,Vadodara
622,Ranchi
623,Dehradun
624,Nashik
625,Raipur
626,Kolkata
627,Hyderabad
628,Lucknow
629,Bhopal
630,Tirupati
631,Mangalore
632,Dehradun
633,Ajmer
634,Bareilly
635,Puducherry
636,Agra
637,Surat
638,Guwahati
639,Guwahati
640,Chandigarh
641,Coimbatore
642,Mangalore
643,Mysore
644,Tirupati
645,Bhubaneswar
646,Ludhiana
647,Ajmer
648,Ahmedabad
649,Ajmer
650,Ranchi
651,Bhubaneswar
652,Chennai
653,Nashik
654,Vijayawada
655,Chennai
656,Ranchi
657,Jaipur
658,Chandigarh
659,Rajkot
660,Dehradun
661,Kochi
662,Udaipur
663,Visakhapatnam
664,Nagpur
665,Varanasi
666,Hubli
667,Chandigarh
668,Thiruvananthapuram
669,Kanpur
670,Chennai
671,New Delhi
672,Thiruvananthapuram
673,Guwahati
674,Bhopal
675,Ludhiana
676,New Delhi
677,Dehradun
678,Tirupati
679,Chennai
680,Bhopal
681,Ludhiana
682,Chennai
683,Nashik
684,Kolkata
685,Puducherry
686,Visakhapatnam
687,Raipur
688,Mysore
689,Aurangabad
690,Kollam
691,Puducherry
692,Amritsar
693,Ahmedabad
694,Kottayam
695,Asansol
696,Bangalore
697,Raipur
698,Chennai
699,Coimbatore
700,Chennai
701,Surat
702,Jodhpur
703,Asansol
704,Nashik
705,Surat
706,Ludhiana
707,Patna
708,Tirupati
709,Indore
710,Tirupati
711,Coimbatore
712,Rajkot
713,Bhopal
714,Durgapur
715,Nagpur
716,Nagpur
717,Nashik
718,Varanasi
719,Vijayawada
720,Chennai
721,Agra
722,Coimbatore
723,Kollam
724,New Delhi
725,Jamshedpur
726,Hubli
727,Ludhiana
728,Mangalore
729,Rajkot
730,Indore
731,Hyderabad
732,Kollam
733,Bangalore
734,Guwahati
735,Kanpur
736,Guwahati
737,Dehradun
738,Visakhapatnam
739,Chandigarh
740,Bareilly
741,Jamshedpur
742,Coimbatore
743,Mangalore
744,Surat
745,Kottayam
746,Chennai
747,Jodhpur
748,Amritsar
749,Durgapur
750,Ludhiana
751,Jodhpur
752,Indore
753,Nashik
754,Puducherry
755,Ludhiana
756,Dehradun
757,Vadodara
758,Aurangabad
759,Ranchi
760,Udaipur
761,Pune
762,Surat
763,Coimbatore
764,Jodhpur
765,Ahmedabad
766,Tirupati
767,Aurangabad
768,Amritsar
769,Jaipur
770,Jodhpur
771,Agra
772,Bhubaneswar
773,Surat
774,Vadodara
775,Ranchi
776,Bareilly
777,Kottayam
778,Surat
779,Mumbai
780,Vadodara
781,Puducherry
782,Mangalore
783,Indore
784,Agra
785,Indore
786,Coimbatore
787,Vijayawada
788,Nagpur
789,Ajmer
790,Tirupati
791,Hubli
792,Kochi
793,Indore
794,Udaipur
795,Kolkata
796,Hubli
797,Visakhapatnam
798,Aurangabad
799,New Delhi
800,Tirupati
801,Chandigarh
802,Rajkot
803,Mangalore
804,Kolkata
805,Jaipur
806,Aurangabad
807,Ludhiana
808,Varanasi
809,Vijayawada
810,Jamshedpur
811,Surat
812,Kottayam
813,Visakhapatnam
814,Coimbatore
815,Bangalore
816,Guwahati
817,Puducherry
818,Ranchi
819,Tirupati
820,Puducherry
821,Rajkot
822,Mumbai
823,Tirupati
824,Dehradun
825,Nagpur
826,Kochi
827,Kottayam
828,Ranchi
829,Jaipur
830,Agra
831,Coimbatore
832,Chennai
833,Thiruvananthapuram
834,Amritsar
835,Kanpur
836,Ajmer
837,Jaipur
838,Amritsar
839,Rajkot
840,Surat
841,Ahmedabad
842,Raipur
843,Ludhiana
844,Surat
845,Dhanbad
846,Ahmedabad
847,Mangalore
848,Visakhapatnam
849,Jamshedpur
850,Kochi
851,Amritsar
852,Visakhapatnam
853,Bhopal
854,Indore
855,Pune
856,Agra
857,Mumbai
858,Kottayam
859,Puducherry
860,Mumbai
861,Indore
862,Aurangabad
863,Kollam
864,Coimbatore
865,Visakhapatnam
866,Rajkot
867,Coimbatore
868,Raipur
869,Patna
870,Bhopal
871,Vijayawada
872,Puducherry
873,Ahmedabad
874,Durgapur
875,Vadodara
876,Amritsar
877,Bhubaneswar
878,Ludhiana
879,Asansol
880,Hyderabad
881,Coimbatore
882,Ahmedabad
883,Hyderabad
884,Kochi
885,Durgapur
886,Puducherry
887,Lucknow
888,Kollam
889,Chennai
890,Jamshedpur
891,Chennai
892,Jamshedpur
893,Jaipur
894,Varanasi
895,Hubli
896,Amritsar
897,Kollam
898,Ajmer
899,Visakhapatnam
900,Ranchi
901,Durgapur
902,Kollam
903,Chennai
904,Jamshedpur
905,Chennai
906,Jamshedpur
907,Jaipur
908,Varanasi
909,Hubli
910,Amritsar
911,Kollam
912,Ajmer
913,Visakhapatnam
914,Ranchi
915,Durgapur
916,Kollam
917,Chennai
918,Jamshedpur
919,Chennai
920,Jamshedpur
921,Jaipur
922,Varanasi
923,Hubli
924,Amritsar
925,Kollam
926,Ajmer
927,Visakhapatnam
928,Ranchi
929,Durgapur
930,Kollam
931,Chennai
932,Jamshedpur
933,Chennai
934,Jamshedpur
935,Jaipur
936,Varanasi
937,Hubli
938,Amritsar
939,Kollam
940,Ajmer
941,Visakhapatnam
942,Jaipur
943,Varanasi
944,Jaipur
945,Visakhapatnam
946,Jaipur
947,Varanasi
948,Jaipur
949,Visakhapatnam
950,Visakhapatnam
